08-20-1982, 0.0, 1, 8, Incident Name
08-20-1982, 0.075, 2, 8, Incident Name
08-20-1982, 0.15, 3, 8, Incident Name
08-20-1982, 0.225, 4, 8, Incident Name
08-20-1982, 0.3, 5, 8, Incident Name
08-20-1982, 0.375, 6, 8, Incident Name
08-20-1982, 0.45, 7, 8, Incident Name
08-20-1982, 0.525, 8, 8, Incident Name
02-18-1983, 6.58, 1, 13, Incident Name
02-18-1983, 6.655, 2, 13, Incident Name
02-18-1983, 6.73, 3, 13, Incident Name
02-18-1983, 6.805, 4, 13, Incident Name
02-18-1983, 6.88, 5, 13, Incident Name
02-18-1983, 6.955, 6, 13, Incident Name
02-18-1983, 7.03, 7, 13, Incident Name
02-18-1983, 7.105, 8, 13, Incident Name
02-18-1983, 7.18, 9, 13, Incident Name
02-18-1983, 7.255, 10, 13, Incident Name
02-18-1983, 7.33, 11, 13, Incident Name
02-18-1983, 7.405, 12, 13, Incident Name
02-18-1983, 7.48, 13, 13, Incident Name
06-29-1984, 23.885, 1, 6, Incident Name
06-29-1984, 23.96, 2, 6, Incident Name
06-29-1984, 24.035, 3, 6, Incident Name
06-29-1984, 24.11, 4, 6, Incident Name
06-29-1984, 24.185, 5, 6, Incident Name
06-29-1984, 24.26, 6, 6, Incident Name
07-18-1984, 24.955, 1, 21, Incident Name
07-18-1984, 25.03, 2, 21, Incident Name
07-18-1984, 25.105, 3, 21, Incident Name
07-18-1984, 25.18, 4, 21, Incident Name
07-18-1984, 25.255, 5, 21, Incident Name
07-18-1984, 25.33, 6, 21, Incident Name
07-18-1984, 25.405, 7, 21, Incident Name
07-18-1984, 25.48, 8, 21, Incident Name
07-18-1984, 25.555, 9, 21, Incident Name
07-18-1984, 25.63, 10, 21, Incident Name
07-18-1984, 25.705, 11, 21, Incident Name
07-18-1984, 25.78, 12, 21, Incident Name
07-18-1984, 25.855, 13, 21, Incident Name
07-18-1984, 25.93, 14, 21, Incident Name
07-18-1984, 26.005, 15, 21, Incident Name
07-18-1984, 26.08, 16, 21, Incident Name
07-18-1984, 26.155, 17, 21, Incident Name
07-18-1984, 26.23, 18, 21, Incident Name
07-18-1984, 26.305, 19, 21, Incident Name
07-18-1984, 26.38, 20, 21, Incident Name
07-18-1984, 26.455, 21, 21, Incident Name
08-20-1986, 51.6, 1, 15, Incident Name
08-20-1986, 51.675, 2, 15, Incident Name
08-20-1986, 51.75, 3, 15, Incident Name
08-20-1986, 51.825, 4, 15, Incident Name
08-20-1986, 51.9, 5, 15, Incident Name
08-20-1986, 51.975, 6, 15, Incident Name
08-20-1986, 52.05, 7, 15, Incident Name
08-20-1986, 52.125, 8, 15, Incident Name
08-20-1986, 52.2, 9, 15, Incident Name
08-20-1986, 52.275, 10, 15, Incident Name
08-20-1986, 52.35, 11, 15, Incident Name
08-20-1986, 52.425, 12, 15, Incident Name
08-20-1986, 52.5, 13, 15, Incident Name
08-20-1986, 52.575, 14, 15, Incident Name
08-20-1986, 52.65, 15, 15, Incident Name
04-23-1987, 60.805, 1, 7, Incident Name
04-23-1987, 60.88, 2, 7, Incident Name
04-23-1987, 60.955, 3, 7, Incident Name
04-23-1987, 61.03, 4, 7, Incident Name
04-23-1987, 61.105, 5, 7, Incident Name
04-23-1987, 61.18, 6, 7, Incident Name
04-23-1987, 61.255, 7, 7, Incident Name
02-16-1988, 71.15, 1, 7, Incident Name
02-16-1988, 71.225, 2, 7, Incident Name
02-16-1988, 71.3, 3, 7, Incident Name
02-16-1988, 71.375, 4, 7, Incident Name
02-16-1988, 71.45, 5, 7, Incident Name
02-16-1988, 71.525, 6, 7, Incident Name
02-16-1988, 71.6, 7, 7, Incident Name
01-17-1989, 82.715, 1, 5, Incident Name
01-17-1989, 82.79, 2, 5, Incident Name
01-17-1989, 82.865, 3, 5, Incident Name
01-17-1989, 82.94, 4, 5, Incident Name
01-17-1989, 83.015, 5, 5, Incident Name
09-14-1989, 90.98, 1, 8, Incident Name
09-14-1989, 91.055, 2, 8, Incident Name
09-14-1989, 91.13, 3, 8, Incident Name
09-14-1989, 91.205, 4, 8, Incident Name
09-14-1989, 91.28, 5, 8, Incident Name
09-14-1989, 91.355, 6, 8, Incident Name
09-14-1989, 91.43, 7, 8, Incident Name
09-14-1989, 91.505, 8, 8, Incident Name
06-18-1990, 100.68, 1, 10, Incident Name
06-18-1990, 100.755, 2, 10, Incident Name
06-18-1990, 100.83, 3, 10, Incident Name
06-18-1990, 100.905, 4, 10, Incident Name
06-18-1990, 100.98, 5, 10, Incident Name
06-18-1990, 101.055, 6, 10, Incident Name
06-18-1990, 101.13, 7, 10, Incident Name
06-18-1990, 101.205, 8, 10, Incident Name
06-18-1990, 101.28, 9, 10, Incident Name
06-18-1990, 101.355, 10, 10, Incident Name
01-11-1991, 108.23, 1, 6, Incident Name
01-11-1991, 108.305, 2, 6, Incident Name
01-11-1991, 108.38, 3, 6, Incident Name
01-11-1991, 108.455, 4, 6, Incident Name
01-11-1991, 108.53, 5, 6, Incident Name
01-11-1991, 108.605, 6, 6, Incident Name
10-16-1991, 117.81, 1, 24, Incident Name
10-16-1991, 117.885, 2, 24, Incident Name
10-16-1991, 117.96, 3, 24, Incident Name
10-16-1991, 118.035, 4, 24, Incident Name
10-16-1991, 118.11, 5, 24, Incident Name
10-16-1991, 118.185, 6, 24, Incident Name
10-16-1991, 118.26, 7, 24, Incident Name
10-16-1991, 118.335, 8, 24, Incident Name
10-16-1991, 118.41, 9, 24, Incident Name
10-16-1991, 118.485, 10, 24, Incident Name
10-16-1991, 118.56, 11, 24, Incident Name
10-16-1991, 118.635, 12, 24, Incident Name
10-16-1991, 118.71, 13, 24, Incident Name
10-16-1991, 118.785, 14, 24, Incident Name
10-16-1991, 118.86, 15, 24, Incident Name
10-16-1991, 118.935, 16, 24, Incident Name
10-16-1991, 119.01, 17, 24, Incident Name
10-16-1991, 119.085, 18, 24, Incident Name
10-16-1991, 119.16, 19, 24, Incident Name
10-16-1991, 119.235, 20, 24, Incident Name
10-16-1991, 119.31, 21, 24, Incident Name
10-16-1991, 119.385, 22, 24, Incident Name
10-16-1991, 119.46, 23, 24, Incident Name
10-16-1991, 119.535, 24, 24, Incident Name
11-14-1991, 120.57, 1, 5, Incident Name
11-14-1991, 120.645, 2, 5, Incident Name
11-14-1991, 120.72, 3, 5, Incident Name
11-14-1991, 120.795, 4, 5, Incident Name
11-14-1991, 120.87, 5, 5, Incident Name
05-01-1992, 126.495, 1, 4, Incident Name
05-01-1992, 126.57, 2, 4, Incident Name
05-01-1992, 126.645, 3, 4, Incident Name
05-01-1992, 126.72, 4, 4, Incident Name
10-15-1992, 132.285, 1, 5, Incident Name
10-15-1992, 132.36, 2, 5, Incident Name
10-15-1992, 132.435, 3, 5, Incident Name
10-15-1992, 132.51, 4, 5, Incident Name
10-15-1992, 132.585, 5, 5, Incident Name
07-01-1993, 141.16, 1, 8, Incident Name
07-01-1993, 141.235, 2, 8, Incident Name
07-01-1993, 141.31, 3, 8, Incident Name
07-01-1993, 141.385, 4, 8, Incident Name
07-01-1993, 141.46, 5, 8, Incident Name
07-01-1993, 141.535, 6, 8, Incident Name
07-01-1993, 141.61, 7, 8, Incident Name
07-01-1993, 141.685, 8, 8, Incident Name
08-06-1993, 142.95, 1, 4, Incident Name
08-06-1993, 143.025, 2, 4, Incident Name
08-06-1993, 143.1, 3, 4, Incident Name
08-06-1993, 143.175, 4, 4, Incident Name
12-07-1993, 147.29, 1, 6, Incident Name
12-07-1993, 147.365, 2, 6, Incident Name
12-07-1993, 147.44, 3, 6, Incident Name
12-07-1993, 147.515, 4, 6, Incident Name
12-07-1993, 147.59, 5, 6, Incident Name
12-07-1993, 147.665, 6, 6, Incident Name
12-14-1993, 147.97, 1, 4, Incident Name
12-14-1993, 148.045, 2, 4, Incident Name
12-14-1993, 148.12, 3, 4, Incident Name
12-14-1993, 148.195, 4, 4, Incident Name
06-20-1994, 154.45, 1, 5, Incident Name
06-20-1994, 154.525, 2, 5, Incident Name
06-20-1994, 154.6, 3, 5, Incident Name
06-20-1994, 154.675, 4, 5, Incident Name
06-20-1994, 154.75, 5, 5, Incident Name
04-03-1995, 164.245, 1, 6, Incident Name
04-03-1995, 164.32, 2, 6, Incident Name
04-03-1995, 164.395, 3, 6, Incident Name
04-03-1995, 164.47, 4, 6, Incident Name
04-03-1995, 164.545, 5, 6, Incident Name
04-03-1995, 164.62, 6, 6, Incident Name
02-09-1996, 174.945, 1, 6, Incident Name
02-09-1996, 175.02, 2, 6, Incident Name
02-09-1996, 175.095, 3, 6, Incident Name
02-09-1996, 175.17, 4, 6, Incident Name
02-09-1996, 175.245, 5, 6, Incident Name
02-09-1996, 175.32, 6, 6, Incident Name
02-18-1997, 187.725, 1, 5, Incident Name
02-18-1997, 187.8, 2, 5, Incident Name
02-18-1997, 187.875, 3, 5, Incident Name
02-18-1997, 187.95, 4, 5, Incident Name
02-18-1997, 188.025, 5, 5, Incident Name
09-15-1997, 194.96, 1, 4, Incident Name
09-15-1997, 195.035, 2, 4, Incident Name
09-15-1997, 195.11, 3, 4, Incident Name
09-15-1997, 195.185, 4, 4, Incident Name
03-06-1998, 200.91, 1, 5, Incident Name
03-06-1998, 200.985, 2, 5, Incident Name
03-06-1998, 201.06, 3, 5, Incident Name
03-06-1998, 201.135, 4, 5, Incident Name
03-06-1998, 201.21, 5, 5, Incident Name
03-24-1998, 201.875, 1, 5, Incident Name
03-24-1998, 201.95, 2, 5, Incident Name
03-24-1998, 202.025, 3, 5, Incident Name
03-24-1998, 202.1, 4, 5, Incident Name
03-24-1998, 202.175, 5, 5, Incident Name
05-21-1998, 204.16, 1, 4, Incident Name
05-21-1998, 204.235, 2, 4, Incident Name
05-21-1998, 204.31, 3, 4, Incident Name
05-21-1998, 204.385, 4, 4, Incident Name
04-20-1999, 215.43, 1, 13, Incident Name
04-20-1999, 215.505, 2, 13, Incident Name
04-20-1999, 215.58, 3, 13, Incident Name
04-20-1999, 215.655, 4, 13, Incident Name
04-20-1999, 215.73, 5, 13, Incident Name
04-20-1999, 215.805, 6, 13, Incident Name
04-20-1999, 215.88, 7, 13, Incident Name
04-20-1999, 215.955, 8, 13, Incident Name
04-20-1999, 216.03, 9, 13, Incident Name
04-20-1999, 216.105, 10, 13, Incident Name
04-20-1999, 216.18, 11, 13, Incident Name
04-20-1999, 216.255, 12, 13, Incident Name
04-20-1999, 216.33, 13, 13, Incident Name
07-29-1999, 219.695, 1, 12, Incident Name
07-29-1999, 219.77, 2, 12, Incident Name
07-29-1999, 219.845, 3, 12, Incident Name
07-29-1999, 219.92, 4, 12, Incident Name
07-29-1999, 219.995, 5, 12, Incident Name
07-29-1999, 220.07, 6, 12, Incident Name
07-29-1999, 220.145, 7, 12, Incident Name
07-29-1999, 220.22, 8, 12, Incident Name
07-29-1999, 220.295, 9, 12, Incident Name
07-29-1999, 220.37, 10, 12, Incident Name
07-29-1999, 220.445, 11, 12, Incident Name
07-29-1999, 220.52, 12, 12, Incident Name
09-15-1999, 222.175, 1, 7, Incident Name
09-15-1999, 222.25, 2, 7, Incident Name
09-15-1999, 222.325, 3, 7, Incident Name
09-15-1999, 222.4, 4, 7, Incident Name
09-15-1999, 222.475, 5, 7, Incident Name
09-15-1999, 222.55, 6, 7, Incident Name
09-15-1999, 222.625, 7, 7, Incident Name
11-02-1999, 224.27, 1, 7, Incident Name
11-02-1999, 224.345, 2, 7, Incident Name
11-02-1999, 224.42, 3, 7, Incident Name
11-02-1999, 224.495, 4, 7, Incident Name
11-02-1999, 224.57, 5, 7, Incident Name
11-02-1999, 224.645, 6, 7, Incident Name
11-02-1999, 224.72, 7, 7, Incident Name
12-26-2000, 238.595, 1, 7, Incident Name
12-26-2000, 238.67, 2, 7, Incident Name
12-26-2000, 238.745, 3, 7, Incident Name
12-26-2000, 238.82, 4, 7, Incident Name
12-26-2000, 238.895, 5, 7, Incident Name
12-26-2000, 238.97, 6, 7, Incident Name
12-26-2000, 239.045, 7, 7, Incident Name
02-05-2001, 240.47, 1, 5, Incident Name
02-05-2001, 240.545, 2, 5, Incident Name
02-05-2001, 240.62, 3, 5, Incident Name
02-05-2001, 240.695, 4, 5, Incident Name
02-05-2001, 240.77, 5, 5, Incident Name
07-08-2003, 269.855, 1, 7, Incident Name
07-08-2003, 269.93, 2, 7, Incident Name
07-08-2003, 270.005, 3, 7, Incident Name
07-08-2003, 270.08, 4, 7, Incident Name
07-08-2003, 270.155, 5, 7, Incident Name
07-08-2003, 270.23, 6, 7, Incident Name
07-08-2003, 270.305, 7, 7, Incident Name
12-08-2004, 287.43, 1, 5, Incident Name
12-08-2004, 287.505, 2, 5, Incident Name
12-08-2004, 287.58, 3, 5, Incident Name
12-08-2004, 287.655, 4, 5, Incident Name
12-08-2004, 287.73, 5, 5, Incident Name
03-21-2005, 291.185, 1, 10, Incident Name
03-21-2005, 291.26, 2, 10, Incident Name
03-21-2005, 291.335, 3, 10, Incident Name
03-21-2005, 291.41, 4, 10, Incident Name
03-21-2005, 291.485, 5, 10, Incident Name
03-21-2005, 291.56, 6, 10, Incident Name
03-21-2005, 291.635, 7, 10, Incident Name
03-21-2005, 291.71, 8, 10, Incident Name
03-21-2005, 291.785, 9, 10, Incident Name
03-21-2005, 291.86, 10, 10, Incident Name
12-03-2005, 300.385, 1, 7, Incident Name
12-03-2005, 300.46, 2, 7, Incident Name
12-03-2005, 300.535, 3, 7, Incident Name
12-03-2005, 300.61, 4, 7, Incident Name
12-03-2005, 300.685, 5, 7, Incident Name
12-03-2005, 300.76, 6, 7, Incident Name
12-03-2005, 300.835, 7, 7, Incident Name
01-30-2006, 302.81, 1, 8, Incident Name
01-30-2006, 302.885, 2, 8, Incident Name
01-30-2006, 302.96, 3, 8, Incident Name
01-30-2006, 303.035, 4, 8, Incident Name
01-30-2006, 303.11, 5, 8, Incident Name
01-30-2006, 303.185, 6, 8, Incident Name
01-30-2006, 303.26, 7, 8, Incident Name
01-30-2006, 303.335, 8, 8, Incident Name
03-25-2006, 305.19, 1, 7, Incident Name
03-25-2006, 305.265, 2, 7, Incident Name
03-25-2006, 305.34, 3, 7, Incident Name
03-25-2006, 305.415, 4, 7, Incident Name
03-25-2006, 305.49, 5, 7, Incident Name
03-25-2006, 305.565, 6, 7, Incident Name
03-25-2006, 305.64, 7, 7, Incident Name
10-02-2006, 311.985, 1, 5, Incident Name
10-02-2006, 312.06, 2, 5, Incident Name
10-02-2006, 312.135, 3, 5, Incident Name
10-02-2006, 312.21, 4, 5, Incident Name
10-02-2006, 312.285, 5, 5, Incident Name
02-12-2007, 316.73, 1, 5, Incident Name
02-12-2007, 316.805, 2, 5, Incident Name
02-12-2007, 316.88, 3, 5, Incident Name
02-12-2007, 316.955, 4, 5, Incident Name
02-12-2007, 317.03, 5, 5, Incident Name
04-16-2007, 319.175, 1, 33, Incident Name
04-16-2007, 319.25, 2, 33, Incident Name
04-16-2007, 319.325, 3, 33, Incident Name
04-16-2007, 319.4, 4, 33, Incident Name
04-16-2007, 319.475, 5, 33, Incident Name
04-16-2007, 319.55, 6, 33, Incident Name
04-16-2007, 319.625, 7, 33, Incident Name
04-16-2007, 319.7, 8, 33, Incident Name
04-16-2007, 319.775, 9, 33, Incident Name
04-16-2007, 319.85, 10, 33, Incident Name
04-16-2007, 319.925, 11, 33, Incident Name
04-16-2007, 320.0, 12, 33, Incident Name
04-16-2007, 320.075, 13, 33, Incident Name
04-16-2007, 320.15, 14, 33, Incident Name
04-16-2007, 320.225, 15, 33, Incident Name
04-16-2007, 320.3, 16, 33, Incident Name
04-16-2007, 320.375, 17, 33, Incident Name
04-16-2007, 320.45, 18, 33, Incident Name
04-16-2007, 320.525, 19, 33, Incident Name
04-16-2007, 320.6, 20, 33, Incident Name
04-16-2007, 320.675, 21, 33, Incident Name
04-16-2007, 320.75, 22, 33, Incident Name
04-16-2007, 320.825, 23, 33, Incident Name
04-16-2007, 320.9, 24, 33, Incident Name
04-16-2007, 320.975, 25, 33, Incident Name
04-16-2007, 321.05, 26, 33, Incident Name
04-16-2007, 321.125, 27, 33, Incident Name
04-16-2007, 321.2, 28, 33, Incident Name
04-16-2007, 321.275, 29, 33, Incident Name
04-16-2007, 321.35, 30, 33, Incident Name
04-16-2007, 321.425, 31, 33, Incident Name
04-16-2007, 321.5, 32, 33, Incident Name
04-16-2007, 321.575, 33, 33, Incident Name
10-07-2007, 327.37, 1, 6, Incident Name
10-07-2007, 327.445, 2, 6, Incident Name
10-07-2007, 327.52, 3, 6, Incident Name
10-07-2007, 327.595, 4, 6, Incident Name
10-07-2007, 327.67, 5, 6, Incident Name
10-07-2007, 327.745, 6, 6, Incident Name
12-05-2007, 329.76, 1, 8, Incident Name
12-05-2007, 329.835, 2, 8, Incident Name
12-05-2007, 329.91, 3, 8, Incident Name
12-05-2007, 329.985, 4, 8, Incident Name
12-05-2007, 330.06, 5, 8, Incident Name
12-05-2007, 330.135, 6, 8, Incident Name
12-05-2007, 330.21, 7, 8, Incident Name
12-05-2007, 330.285, 8, 8, Incident Name
02-07-2008, 332.46, 1, 6, Incident Name
02-07-2008, 332.535, 2, 6, Incident Name
02-07-2008, 332.61, 3, 6, Incident Name
02-07-2008, 332.685, 4, 6, Incident Name
02-07-2008, 332.76, 5, 6, Incident Name
02-07-2008, 332.835, 6, 6, Incident Name
02-14-2008, 333.14, 1, 6, Incident Name
02-14-2008, 333.215, 2, 6, Incident Name
02-14-2008, 333.29, 3, 6, Incident Name
02-14-2008, 333.365, 4, 6, Incident Name
02-14-2008, 333.44, 5, 6, Incident Name
02-14-2008, 333.515, 6, 6, Incident Name
06-25-2008, 337.93, 1, 6, Incident Name
06-25-2008, 338.005, 2, 6, Incident Name
06-25-2008, 338.08, 3, 6, Incident Name
06-25-2008, 338.155, 4, 6, Incident Name
06-25-2008, 338.23, 5, 6, Incident Name
06-25-2008, 338.305, 6, 6, Incident Name
03-10-2009, 346.85, 1, 10, Incident Name
03-10-2009, 346.925, 2, 10, Incident Name
03-10-2009, 347.0, 3, 10, Incident Name
03-10-2009, 347.075, 4, 10, Incident Name
03-10-2009, 347.15, 5, 10, Incident Name
03-10-2009, 347.225, 6, 10, Incident Name
03-10-2009, 347.3, 7, 10, Incident Name
03-10-2009, 347.375, 8, 10, Incident Name
03-10-2009, 347.45, 9, 10, Incident Name
03-10-2009, 347.525, 10, 10, Incident Name
03-29-2009, 348.23, 1, 8, Incident Name
03-29-2009, 348.305, 2, 8, Incident Name
03-29-2009, 348.38, 3, 8, Incident Name
03-29-2009, 348.455, 4, 8, Incident Name
03-29-2009, 348.53, 5, 8, Incident Name
03-29-2009, 348.605, 6, 8, Incident Name
03-29-2009, 348.68, 7, 8, Incident Name
03-29-2009, 348.755, 8, 8, Incident Name
04-03-2009, 348.99, 1, 13, Incident Name
04-03-2009, 349.065, 2, 13, Incident Name
04-03-2009, 349.14, 3, 13, Incident Name
04-03-2009, 349.215, 4, 13, Incident Name
04-03-2009, 349.29, 5, 13, Incident Name
04-03-2009, 349.365, 6, 13, Incident Name
04-03-2009, 349.44, 7, 13, Incident Name
04-03-2009, 349.515, 8, 13, Incident Name
04-03-2009, 349.59, 9, 13, Incident Name
04-03-2009, 349.665, 10, 13, Incident Name
04-03-2009, 349.74, 11, 13, Incident Name
04-03-2009, 349.815, 12, 13, Incident Name
04-03-2009, 349.89, 13, 13, Incident Name
11-05-2009, 357.065, 1, 13, Incident Name
11-05-2009, 357.14, 2, 13, Incident Name
11-05-2009, 357.215, 3, 13, Incident Name
11-05-2009, 357.29, 4, 13, Incident Name
11-05-2009, 357.365, 5, 13, Incident Name
11-05-2009, 357.44, 6, 13, Incident Name
11-05-2009, 357.515, 7, 13, Incident Name
11-05-2009, 357.59, 8, 13, Incident Name
11-05-2009, 357.665, 9, 13, Incident Name
11-05-2009, 357.74, 10, 13, Incident Name
11-05-2009, 357.815, 11, 13, Incident Name
11-05-2009, 357.89, 12, 13, Incident Name
11-05-2009, 357.965, 13, 13, Incident Name
01-19-2010, 360.5, 1, 8, Incident Name
01-19-2010, 360.575, 2, 8, Incident Name
01-19-2010, 360.65, 3, 8, Incident Name
01-19-2010, 360.725, 4, 8, Incident Name
01-19-2010, 360.8, 5, 8, Incident Name
01-19-2010, 360.875, 6, 8, Incident Name
01-19-2010, 360.95, 7, 8, Incident Name
01-19-2010, 361.025, 8, 8, Incident Name
08-03-2010, 367.54, 1, 9, Incident Name
08-03-2010, 367.615, 2, 9, Incident Name
08-03-2010, 367.69, 3, 9, Incident Name
08-03-2010, 367.765, 4, 9, Incident Name
08-03-2010, 367.84, 5, 9, Incident Name
08-03-2010, 367.915, 6, 9, Incident Name
08-03-2010, 367.99, 7, 9, Incident Name
08-03-2010, 368.065, 8, 9, Incident Name
08-03-2010, 368.14, 9, 9, Incident Name
01-08-2011, 373.405, 1, 6, Incident Name
01-08-2011, 373.48, 2, 6, Incident Name
01-08-2011, 373.555, 3, 6, Incident Name
01-08-2011, 373.63, 4, 6, Incident Name
01-08-2011, 373.705, 5, 6, Incident Name
01-08-2011, 373.78, 6, 6, Incident Name
09-06-2011, 381.775, 1, 5, Incident Name
09-06-2011, 381.85, 2, 5, Incident Name
09-06-2011, 381.925, 3, 5, Incident Name
09-06-2011, 382.0, 4, 5, Incident Name
09-06-2011, 382.075, 5, 5, Incident Name
10-14-2011, 383.4, 1, 8, Incident Name
10-14-2011, 383.475, 2, 8, Incident Name
10-14-2011, 383.55, 3, 8, Incident Name
10-14-2011, 383.625, 4, 8, Incident Name
10-14-2011, 383.7, 5, 8, Incident Name
10-14-2011, 383.775, 6, 8, Incident Name
10-14-2011, 383.85, 7, 8, Incident Name
10-14-2011, 383.925, 8, 8, Incident Name
02-22-2012, 388.3, 1, 5, Atlanta
02-22-2012, 388.375, 2, 5, Atlanta
02-22-2012, 388.45, 3, 5, Atlanta
02-22-2012, 388.525, 4, 5, Atlanta
02-22-2012, 388.6, 5, 5, Atlanta
04-02-2012, 389.995, 1, 7, Oikos University
04-02-2012, 390.07, 2, 7, Oikos University
04-02-2012, 390.145, 3, 7, Oikos University
04-02-2012, 390.22, 4, 7, Oikos University
04-02-2012, 390.295, 5, 7, Oikos University
04-02-2012, 390.37, 6, 7, Oikos University
04-02-2012, 390.445, 7, 7, Oikos University
05-20-2012, 392.09, 1, 6, Incident Name
05-20-2012, 392.165, 2, 6, Incident Name
05-20-2012, 392.24, 3, 6, Incident Name
05-20-2012, 392.315, 4, 6, Incident Name
05-20-2012, 392.39, 5, 6, Incident Name
05-20-2012, 392.465, 6, 6, Incident Name
07-20-2012, 394.55, 1, 12, Aurora
07-20-2012, 394.625, 2, 12, Aurora
07-20-2012, 394.7, 3, 12, Aurora
07-20-2012, 394.775, 4, 12, Aurora
07-20-2012, 394.85, 5, 12, Aurora
07-20-2012, 394.925, 6, 12, Aurora
07-20-2012, 395.0, 7, 12, Aurora
07-20-2012, 395.075, 8, 12, Aurora
07-20-2012, 395.15, 9, 12, Aurora
07-20-2012, 395.225, 10, 12, Aurora
07-20-2012, 395.3, 11, 12, Aurora
07-20-2012, 395.375, 12, 12, Aurora
08-05-2012, 395.97, 1, 7, Oak Creek
08-05-2012, 396.045, 2, 7, Oak Creek
08-05-2012, 396.12, 3, 7, Oak Creek
08-05-2012, 396.195, 4, 7, Oak Creek
08-05-2012, 396.27, 5, 7, Oak Creek
08-05-2012, 396.345, 6, 7, Oak Creek
08-05-2012, 396.42, 7, 7, Oak Creek
09-27-2012, 398.235, 1, 7, Minneapolis
09-27-2012, 398.31, 2, 7, Minneapolis
09-27-2012, 398.385, 3, 7, Minneapolis
09-27-2012, 398.46, 4, 7, Minneapolis
09-27-2012, 398.535, 5, 7, Minneapolis
09-27-2012, 398.61, 6, 7, Minneapolis
09-27-2012, 398.685, 7, 7, Minneapolis
12-14-2012, 401.33, 1, 27, Sandy Hook
12-14-2012, 401.405, 2, 27, Sandy Hook
12-14-2012, 401.48, 3, 27, Sandy Hook
12-14-2012, 401.555, 4, 27, Sandy Hook
12-14-2012, 401.63, 5, 27, Sandy Hook
12-14-2012, 401.705, 6, 27, Sandy Hook
12-14-2012, 401.78, 7, 27, Sandy Hook
12-14-2012, 401.855, 8, 27, Sandy Hook
12-14-2012, 401.93, 9, 27, Sandy Hook
12-14-2012, 402.005, 10, 27, Sandy Hook
12-14-2012, 402.08, 11, 27, Sandy Hook
12-14-2012, 402.155, 12, 27, Sandy Hook
12-14-2012, 402.23, 13, 27, Sandy Hook
12-14-2012, 402.305, 14, 27, Sandy Hook
12-14-2012, 402.38, 15, 27, Sandy Hook
12-14-2012, 402.455, 16, 27, Sandy Hook
12-14-2012, 402.53, 17, 27, Sandy Hook
12-14-2012, 402.605, 18, 27, Sandy Hook
12-14-2012, 402.68, 19, 27, Sandy Hook
12-14-2012, 402.755, 20, 27, Sandy Hook
12-14-2012, 402.83, 21, 27, Sandy Hook
12-14-2012, 402.905, 22, 27, Sandy Hook
12-14-2012, 402.98, 23, 27, Sandy Hook
12-14-2012, 403.055, 24, 27, Sandy Hook
12-14-2012, 403.13, 25, 27, Sandy Hook
12-14-2012, 403.205, 26, 27, Sandy Hook
12-14-2012, 403.28, 27, 27, Sandy Hook
03-13-2013, 406.275, 1, 5, Herkimer
03-13-2013, 406.35, 2, 5, Herkimer
03-13-2013, 406.425, 3, 5, Herkimer
03-13-2013, 406.5, 4, 5, Herkimer
03-13-2013, 406.575, 5, 5, Herkimer
04-21-2013, 407.93, 1, 5, Federal Way
04-21-2013, 408.005, 2, 5, Federal Way
04-21-2013, 408.08, 3, 5, Federal Way
04-21-2013, 408.155, 4, 5, Federal Way
04-21-2013, 408.23, 5, 5, Federal Way
06-07-2013, 409.855, 1, 6, Santa Monica
06-07-2013, 409.93, 2, 6, Santa Monica
06-07-2013, 410.005, 3, 6, Santa Monica
06-07-2013, 410.08, 4, 6, Santa Monica
06-07-2013, 410.155, 5, 6, Santa Monica
06-07-2013, 410.23, 6, 6, Santa Monica
07-26-2013, 411.915, 1, 6, Hialeah
07-26-2013, 411.99, 2, 6, Hialeah
07-26-2013, 412.065, 3, 6, Hialeah
07-26-2013, 412.14, 4, 6, Hialeah
07-26-2013, 412.215, 5, 6, Hialeah
07-26-2013, 412.29, 6, 6, Hialeah
09-16-2013, 414.065, 1, 13, Navy Yard
09-16-2013, 414.14, 2, 13, Navy Yard
09-16-2013, 414.215, 3, 13, Navy Yard
09-16-2013, 414.29, 4, 13, Navy Yard
09-16-2013, 414.365, 5, 13, Navy Yard
09-16-2013, 414.44, 6, 13, Navy Yard
09-16-2013, 414.515, 7, 13, Navy Yard
09-16-2013, 414.59, 8, 13, Navy Yard
09-16-2013, 414.665, 9, 13, Navy Yard
09-16-2013, 414.74, 10, 13, Navy Yard
09-16-2013, 414.815, 11, 13, Navy Yard
09-16-2013, 414.89, 12, 13, Navy Yard
09-16-2013, 414.965, 13, 13, Navy Yard
02-20-2014, 420.2, 1, 4, Alturas
02-20-2014, 420.275, 2, 4, Alturas
02-20-2014, 420.35, 3, 4, Alturas
02-20-2014, 420.425, 4, 4, Alturas
05-23-2014, 423.53, 1, 7, Isla Vista
05-23-2014, 423.605, 2, 7, Isla Vista
05-23-2014, 423.68, 3, 7, Isla Vista
05-23-2014, 423.755, 4, 7, Isla Vista
05-23-2014, 423.83, 5, 7, Isla Vista
05-23-2014, 423.905, 6, 7, Isla Vista
05-23-2014, 423.98, 7, 7, Isla Vista
10-24-2014, 429.105, 1, 5, Marysville
10-24-2014, 429.18, 2, 5, Marysville
10-24-2014, 429.255, 3, 5, Marysville
10-24-2014, 429.33, 4, 5, Marysville
10-24-2014, 429.405, 5, 5, Marysville
06-18-2015, 437.27, 1, 9, Charleston
06-18-2015, 437.345, 2, 9, Charleston
06-18-2015, 437.42, 3, 9, Charleston
06-18-2015, 437.495, 4, 9, Charleston
06-18-2015, 437.57, 5, 9, Charleston
06-18-2015, 437.645, 6, 9, Charleston
06-18-2015, 437.72, 7, 9, Charleston
06-18-2015, 437.795, 8, 9, Charleston
06-18-2015, 437.87, 9, 9, Charleston
07-16-2015, 438.865, 1, 5, Chattanooga
07-16-2015, 438.94, 2, 5, Chattanooga
07-16-2015, 439.015, 3, 5, Chattanooga
07-16-2015, 439.09, 4, 5, Chattanooga
07-16-2015, 439.165, 5, 5, Chattanooga